[{"id":"6283165297507@c.us","xp":7078,"level":33},{"id":"6285816142148@c.us","xp":5665,"level":29},{"id":"6281977993776@c.us","xp":2231,"level":17},{"id":"62895340483705@c.us","xp":1760,"level":14},{"id":"6285790833425@c.us","xp":1396,"level":12},{"id":"6282145352291@c.us","xp":1371,"level":12},{"id":"6282361715845@c.us","xp":1212,"level":11},{"id":"6282225536660@c.us","xp":1186,"level":11},{"id":"6281396707060@c.us","xp":1005,"level":10},{"id":"6285156022091@c.us","xp":995,"level":10},{"id":"6283137031765@c.us","xp":976,"level":10},{"id":"6288225327598@c.us","xp":810,"level":8},{"id":"6282167188122@c.us","xp":768,"level":8},{"id":"6281358312131@c.us","xp":733,"level":8},{"id":"6285813044597@c.us","xp":711,"level":8},{"id":"6281515636056@c.us","xp":683,"level":7},{"id":"6282314714062@c.us","xp":643,"level":7},{"id":"6282339390984@c.us","xp":628,"level":7},{"id":"6281361333875@c.us","xp":602,"level":7},{"id":"6283879834968@c.us","xp":594,"level":7},{"id":"6281275618086@c.us","xp":588,"level":7},{"id":"6282187830908@c.us","xp":531,"level":6},{"id":"6289604255757@c.us","xp":493,"level":6},{"id":"6285363877044@c.us","xp":461,"level":5},{"id":"6289628521412@c.us","xp":412,"level":5},{"id":"62895385087300@c.us","xp":410,"level":5},{"id":"6282158953928@c.us","xp":400,"level":5},{"id":"6281649177872@c.us","xp":394,"level":5},{"id":"6289632179655@c.us","xp":355,"level":4},{"id":"6282260035116@c.us","xp":313,"level":4},{"id":"6289680556643@c.us","xp":261,"level":3},{"id":"6283165321987@c.us","xp":257,"level":3},{"id":"6282282942493@c.us","xp":257,"level":3},{"id":"6289515841842@c.us","xp":255,"level":3},{"id":"6281326307084@c.us","xp":254,"level":3},{"id":"6289666683190@c.us","xp":248,"level":3},{"id":"6288801042993@c.us","xp":244,"level":3},{"id":"6289505448011@c.us","xp":234,"level":3},{"id":"6285695145155@c.us","xp":228,"level":3},{"id":"6283818512458@c.us","xp":226,"level":3},{"id":"6285256992773@c.us","xp":200,"level":2},{"id":"6283180454861@c.us","xp":188,"level":2},{"id":"6288977528003@c.us","xp":187,"level":2},{"id":"6285742465188@c.us","xp":176,"level":2},{"id":"6282167855992@c.us","xp":144,"level":1},{"id":"6282322511452@c.us","xp":136,"level":1},{"id":"6281229855200@c.us","xp":134,"level":1},{"id":"6283806125625@c.us","xp":129,"level":1},{"id":"6282112950501@c.us","xp":122,"level":1},{"id":"6285813014520@c.us","xp":107,"level":1},{"id":"6288211907460@c.us","xp":106,"level":1},{"id":"6285869132411@c.us","xp":94,"level":1},{"id":"6283802330601@c.us","xp":92,"level":1},{"id":"6289614526128@c.us","xp":80,"level":1},{"id":"6285791322815@c.us","xp":75,"level":1},{"id":"6283806166889@c.us","xp":74,"level":1},{"id":"6289650682602@c.us","xp":66,"level":1},{"id":"6281534042508@c.us","xp":63,"level":1},{"id":"62895334023338@c.us","xp":58,"level":1},{"id":"6283137731053@c.us","xp":45,"level":1},{"id":"6281334726512@c.us","xp":43,"level":1},{"id":"6285322962674@c.us","xp":37,"level":1},{"id":"6285669246968@c.us","xp":28,"level":1},{"id":"6287870514985@c.us","xp":23,"level":1},{"id":"628983583288@c.us","xp":21,"level":1},{"id":"6287856736168@c.us","xp":21,"level":1},{"id":"6281717613481@c.us","xp":18,"level":1},{"id":"6281213614579@c.us","xp":16,"level":1},{"id":"6285335546958@c.us","xp":13,"level":1},{"id":"6289519835553@c.us","xp":10,"level":1},{"id":"6289522982670@c.us","xp":9,"level":1},{"id":"6281334361732@c.us","xp":0,"level":1},{"id":"6282272242435@c.us","xp":0,"level":1},{"id":"6285397353815@c.us","xp":0,"level":1},{"id":"6282158286422@c.us","xp":0,"level":1},{"id":"6281462224010@c.us","xp":0,"level":1},{"id":"628996704340@c.us","xp":0,"level":1},{"id":"6282325079344@c.us","xp":0,"level":1},{"id":"6289502838531@c.us","xp":0,"level":1},{"id":"6282277819563@c.us","xp":0,"level":1},{"id":"6282191175271@c.us","xp":0,"level":1},{"id":"6285794584361@c.us","xp":0,"level":1},{"id":"6285756262709@c.us","xp":0,"level":1},{"id":"6289517128998@c.us","xp":0,"level":1},{"id":"6288215506689@c.us","xp":0,"level":1},{"id":"6283821270361@c.us","xp":0,"level":1},{"id":"6285299555432@c.us","xp":0,"level":1},{"id":"6285256505501@c.us","xp":0,"level":1},{"id":"6281353520196@c.us","xp":0,"level":1},{"id":"6289652595993@c.us","xp":0,"level":1},{"id":"6282294264011@c.us","xp":0,"level":1},{"id":"6288242808860@c.us","xp":0,"level":1},{"id":"6283166517972@c.us","xp":0,"level":1},{"id":"628873319924@c.us","xp":0,"level":1},{"id":"6285745518945@c.us","xp":0,"level":1},{"id":"6285266095052@c.us","xp":0,"level":1},{"id":"6283137007932@c.us","xp":0,"level":1},{"id":"6289518763350@c.us","xp":0,"level":1},{"id":"628567702525@c.us","xp":0,"level":1},{"id":"6282274000456@c.us","xp":0,"level":1},{"id":"6281806169324@c.us","xp":0,"level":1},{"id":"6281228989915@c.us","xp":0,"level":1},{"id":"6285742931137@c.us","xp":0,"level":1},{"id":"6282150331143@c.us","xp":0,"level":1},{"id":"6281354809704@c.us","xp":0,"level":1},{"id":"6281228327983@c.us","xp":0,"level":1},{"id":"6283853533150@c.us","xp":0,"level":1},{"id":"6282286452434@c.us","xp":0,"level":1},{"id":"62895401088419@c.us","xp":0,"level":1},{"id":"6281296308153@c.us","xp":0,"level":1},{"id":"6282285938450@c.us","xp":0,"level":1},{"id":"6281998437181@c.us","xp":0,"level":1},{"id":"6285700982540@c.us","xp":0,"level":1},{"id":"6285709664923@c.us","xp":0,"level":1},{"id":"6285362825818@c.us","xp":0,"level":1},{"id":"6281210674248@c.us","xp":0,"level":1},{"id":"6285781263742@c.us","xp":0,"level":1},{"id":"16672388847@c.us","xp":0,"level":1},{"id":"6282296929992@c.us","xp":0,"level":1},{"id":"6281217344247@c.us","xp":0,"level":1},{"id":"6285283019577@c.us","xp":0,"level":1},{"id":"6282235447080@c.us","xp":0,"level":1},{"id":"6285277615545@c.us","xp":0,"level":1},{"id":"6285320267966@c.us","xp":0,"level":1},{"id":"6285865010312@c.us","xp":0,"level":1},{"id":"6281282853010@c.us","xp":0,"level":1},{"id":"6281327854935@c.us","xp":0,"level":1},{"id":"6281563816432@c.us","xp":0,"level":1},{"id":"6285664664330@c.us","xp":0,"level":1},{"id":"60174004119@c.us","xp":0,"level":1},{"id":"6283182527434@c.us","xp":0,"level":1},{"id":"6285343787824@c.us","xp":0,"level":1},{"id":"6281269463380@c.us","xp":0,"level":1},{"id":"6285932260234@c.us","xp":0,"level":1},{"id":"6283877432366@c.us","xp":0,"level":1},{"id":"6289530549459@c.us","xp":0,"level":1},{"id":"6289518550025@c.us","xp":0,"level":1},{"id":"6285867771366@c.us","xp":0,"level":1},{"id":"6287828510454@c.us","xp":0,"level":1},{"id":"6285224144111@c.us","xp":0,"level":1},{"id":"6281388822701@c.us","xp":0,"level":1},{"id":"6285758203323@c.us","xp":0,"level":1},{"id":"6282196457159@c.us","xp":0,"level":1},{"id":"6281357575386@c.us","xp":0,"level":1},{"id":"6285325619661@c.us","xp":0,"level":1},{"id":"6281387132922@c.us","xp":0,"level":1},{"id":"6289526260623@c.us","xp":0,"level":1},{"id":"6281575747047@c.us","xp":0,"level":1},{"id":"6289669739015@c.us","xp":0,"level":1},{"id":"628884159507@c.us","xp":0,"level":1},{"id":"6282282002946@c.us","xp":0,"level":1},{"id":"6283198134213@c.us","xp":0,"level":1},{"id":"6285717015101@c.us","xp":0,"level":1},{"id":"6285895916476@c.us","xp":0,"level":1},{"id":"6289509944326@c.us","xp":0,"level":1},{"id":"6283806184666@c.us","xp":0,"level":1},{"id":"6283853506101@c.us","xp":0,"level":1},{"id":"6287856056227@c.us","xp":0,"level":1},{"id":"6289504597900@c.us","xp":0,"level":1},{"id":"628386465184@c.us","xp":0,"level":1},{"id":"6283144203192@c.us","xp":0,"level":1},{"id":"6285925775245@c.us","xp":0,"level":1},{"id":"6285704503406@c.us","xp":0,"level":1},{"id":"601151502464@c.us","xp":0,"level":1},{"id":"6281398163475@c.us","xp":0,"level":1},{"id":"6283896320167@c.us","xp":0,"level":1},{"id":"6283870444900@c.us","xp":0,"level":1},{"id":"6287719036410@c.us","xp":0,"level":1},{"id":"6285718218723@c.us","xp":0,"level":1},{"id":"6281218128139@c.us","xp":0,"level":1},{"id":"6289671759933@c.us","xp":0,"level":1},{"id":"6283176873393@c.us","xp":0,"level":1},{"id":"6281271081711@c.us","xp":0,"level":1},{"id":"6281230930690@c.us","xp":0,"level":1},{"id":"6282235889232@c.us","xp":0,"level":1},{"id":"6289517238688@c.us","xp":0,"level":1},{"id":"6285822441056@c.us","xp":0,"level":1},{"id":"6283840360313@c.us","xp":0,"level":1},{"id":"6285270760546@c.us","xp":0,"level":1},{"id":"6281219700198@c.us","xp":0,"level":1},{"id":"6282398123096@c.us","xp":0,"level":1},{"id":"6281218689467@c.us","xp":0,"level":1},{"id":"6281927068588@c.us","xp":0,"level":1},{"id":"6283162654610@c.us","xp":0,"level":1},{"id":"6282113860570@c.us","xp":0,"level":1},{"id":"6285641057842@c.us","xp":0,"level":1},{"id":"62895620102744@c.us","xp":0,"level":1},{"id":"6285861190008@c.us","xp":0,"level":1},{"id":"6283151308410@c.us","xp":0,"level":1},{"id":"6285788195089@c.us","xp":0,"level":1},{"id":"6285705853158@c.us","xp":0,"level":1},{"id":"6281268400580@c.us","xp":0,"level":1},{"id":"6282163412989@c.us","xp":0,"level":1},{"id":"6283114255812@c.us","xp":0,"level":1},{"id":"6285838258113@c.us","xp":0,"level":1},{"id":"6281278828743@c.us","xp":0,"level":1},{"id":"6287737791668@c.us","xp":0,"level":1},{"id":"6285669246973@c.us","xp":0,"level":1},{"id":"6285709154070@c.us","xp":0,"level":1},{"id":"6282237995156@c.us","xp":0,"level":1},{"id":"6285862666156@c.us","xp":0,"level":1},{"id":"6285792304047@c.us","xp":0,"level":1},{"id":"6281397671312@c.us","xp":0,"level":1},{"id":"6282292773935@c.us","xp":0,"level":1},{"id":"6283114344736@c.us","xp":0,"level":1},{"id":"6285714610578@c.us","xp":0,"level":1},{"id":"6283125653429@c.us","xp":0,"level":1},{"id":"6283101331716@c.us","xp":0,"level":1},{"id":"6285385713927@c.us","xp":0,"level":1},{"id":"6281387644399@c.us","xp":0,"level":1},{"id":"6285812456297@c.us","xp":0,"level":1},{"id":"6285711196882@c.us","xp":0,"level":1},{"id":"6289634015184@c.us","xp":0,"level":1},{"id":"6282360150181@c.us","xp":0,"level":1},{"id":"6281245399893@c.us","xp":0,"level":1},{"id":"62895620056655@c.us","xp":0,"level":1},{"id":"6285238303550@c.us","xp":0,"level":1},{"id":"6282281067948@c.us","xp":0,"level":1},{"id":"6283830925011@c.us","xp":0,"level":1},{"id":"6281220112459@c.us","xp":0,"level":1},{"id":"6281268419486@c.us","xp":0,"level":1},{"id":"6285348076960@c.us","xp":0,"level":1},{"id":"6285780125752@c.us","xp":0,"level":1},{"id":"628562329114@c.us","xp":0,"level":1},{"id":"6285551232314@c.us","xp":0,"level":1},{"id":"6289654674648@c.us","xp":0,"level":1},{"id":"6281245696100@c.us","xp":0,"level":1},{"id":"6289509822374@c.us","xp":0,"level":1},{"id":"6281254061696@c.us","xp":0,"level":1},{"id":"6282296701086@c.us","xp":0,"level":1},{"id":"601128586245@c.us","xp":0,"level":1},{"id":"6285330738380@c.us","xp":0,"level":1},{"id":"6285848173575@c.us","xp":0,"level":1},{"id":"6285771064599@c.us","xp":0,"level":1},{"id":"6283842856702@c.us","xp":0,"level":1},{"id":"62895405588600@c.us","xp":0,"level":1},{"id":"6281277456715@c.us","xp":0,"level":1},{"id":"6288211577464@c.us","xp":0,"level":1},{"id":"6282291340171@c.us","xp":0,"level":1},{"id":"6289670950329@c.us","xp":0,"level":1},{"id":"6281228021036@c.us","xp":0,"level":1},{"id":"6288210570742@c.us","xp":0,"level":1},{"id":"628972268778@c.us","xp":0,"level":1},{"id":"6281244564937@c.us","xp":0,"level":1},{"id":"6282131992201@c.us","xp":0,"level":1},{"id":"6287722291413@c.us","xp":0,"level":1},{"id":"6281237169894@c.us","xp":0,"level":1},{"id":"6283876066371@c.us","xp":0,"level":1},{"id":"6288801449286@c.us","xp":0,"level":1},{"id":"62895620315387@c.us","xp":0,"level":1},{"id":"6289662607240@c.us","xp":0,"level":1},{"id":"6285878731228@c.us","xp":0,"level":1},{"id":"6285777626802@c.us","xp":0,"level":1},{"id":"6285769978690@c.us","xp":0,"level":1},{"id":"6283143517715@c.us","xp":0,"level":1},{"id":"6282337167920@c.us","xp":0,"level":1},{"id":"6285656640264@c.us","xp":0,"level":1},{"id":"6281939273593@c.us","xp":0,"level":1},{"id":"6281216624940@c.us","xp":0,"level":1},{"id":"6283148188904@c.us","xp":0,"level":1},{"id":"6285831017615@c.us","xp":0,"level":1},{"id":"6281329063175@c.us","xp":0,"level":1},{"id":"6289637193373@c.us","xp":0,"level":1},{"id":"6287741620469@c.us","xp":0,"level":1},{"id":"6283861630843@c.us","xp":0,"level":1},{"id":"6287822104777@c.us","xp":0,"level":1},{"id":"6283155825185@c.us","xp":0,"level":1},{"id":"6287865209794@c.us","xp":0,"level":1},{"id":"6287766139919@c.us","xp":0,"level":1},{"id":"6281261980214@c.us","xp":0,"level":1},{"id":"6283165487814@c.us","xp":0,"level":1},{"id":"6282325622780@c.us","xp":0,"level":1},{"id":"6282377600887@c.us","xp":0,"level":1},{"id":"6282371972861@c.us","xp":0,"level":1},{"id":"6283190089078@c.us","xp":0,"level":1},{"id":"6285347001091@c.us","xp":0,"level":1},{"id":"6281376752265@c.us","xp":0,"level":1},{"id":"6285341934979@c.us","xp":0,"level":1},{"id":"6289646601615@c.us","xp":0,"level":1},{"id":"6289619583320@c.us","xp":0,"level":1},{"id":"6285240145213@c.us","xp":0,"level":1},{"id":"6282169505025@c.us","xp":0,"level":1},{"id":"6285704575052@c.us","xp":0,"level":1},{"id":"6283824855137@c.us","xp":0,"level":1},{"id":"6282215815829@c.us","xp":0,"level":1},{"id":"6289628395325@c.us","xp":0,"level":1},{"id":"6283186106740@c.us","xp":0,"level":1},{"id":"6281288447248@c.us","xp":0,"level":1},{"id":"6283853422259@c.us","xp":0,"level":1},{"id":"6282187480035@c.us","xp":0,"level":1},{"id":"6288296494220@c.us","xp":0,"level":1},{"id":"628997658369@c.us","xp":0,"level":1},{"id":"6285900406809@c.us","xp":0,"level":1},{"id":"6283896449993@c.us","xp":0,"level":1},{"id":"6288803964338@c.us","xp":0,"level":1},{"id":"6289513320460@c.us","xp":0,"level":1},{"id":"6282346421705@c.us","xp":0,"level":1},{"id":"6285277598828@c.us","xp":0,"level":1},{"id":"6288225443925@c.us","xp":0,"level":1},{"id":"6282164833992@c.us","xp":0,"level":1},{"id":"6281230662141@c.us","xp":0,"level":1},{"id":"62895616026087@c.us","xp":0,"level":1},{"id":"6281264942816@c.us","xp":0,"level":1},{"id":"6281368824465@c.us","xp":0,"level":1},{"id":"6282133410667@c.us","xp":0,"level":1},{"id":"6289504624498@c.us","xp":0,"level":1},{"id":"62895378578585@c.us","xp":0,"level":1},{"id":"6285299882822@c.us","xp":0,"level":1},{"id":"6283870678924@c.us","xp":0,"level":1},{"id":"6285805914934@c.us","xp":0,"level":1},{"id":"6281337862756@c.us","xp":0,"level":1},{"id":"6283164966201@c.us","xp":0,"level":1},{"id":"6281371855792@c.us","xp":0,"level":1},{"id":"6283142171246@c.us","xp":0,"level":1},{"id":"6281278824391@c.us","xp":0,"level":1},{"id":"6288706069839@c.us","xp":0,"level":1},{"id":"6283120550927@c.us","xp":0,"level":1},{"id":"6289601915190@c.us","xp":0,"level":1},{"id":"6281334771566@c.us","xp":0,"level":1},{"id":"6288289727866@c.us","xp":0,"level":1},{"id":"6285805820613@c.us","xp":0,"level":1},{"id":"6288740031979@c.us","xp":0,"level":1},{"id":"6282290303534@c.us","xp":0,"level":1},{"id":"6283869628066@c.us","xp":0,"level":1},{"id":"6285711259681@c.us","xp":0,"level":1},{"id":"6285814512489@c.us","xp":0,"level":1},{"id":"6289530321811@c.us","xp":0,"level":1},{"id":"6285651283068@c.us","xp":0,"level":1},{"id":"628882089541@c.us","xp":0,"level":1},{"id":"6285157684419@c.us","xp":0,"level":1},{"id":"6283815740497@c.us","xp":0,"level":1},{"id":"6281242280124@c.us","xp":0,"level":1},{"id":"6288805389411@c.us","xp":0,"level":1},{"id":"6289618759552@c.us","xp":0,"level":1},{"id":"62895360557290@c.us","xp":0,"level":1},{"id":"6282293631668@c.us","xp":0,"level":1},{"id":"6285863560083@c.us","xp":0,"level":1},{"id":"6281359043789@c.us","xp":0,"level":1},{"id":"601140321176@c.us","xp":0,"level":1},{"id":"62895392146745@c.us","xp":0,"level":1},{"id":"6282136616620@c.us","xp":0,"level":1},{"id":"6281242967611@c.us","xp":0,"level":1},{"id":"6285524440994@c.us","xp":0,"level":1},{"id":"6285779391602@c.us","xp":0,"level":1},{"id":"6285745446519@c.us","xp":0,"level":1},{"id":"6282284739512@c.us","xp":0,"level":1},{"id":"6282269126938@c.us","xp":0,"level":1},{"id":"6285346600884@c.us","xp":0,"level":1},{"id":"6283839288525@c.us","xp":0,"level":1},{"id":"6281391779825@c.us","xp":0,"level":1},{"id":"628871390674@c.us","xp":0,"level":1},{"id":"6281282311948@c.us","xp":0,"level":1},{"id":"6287876564534@c.us","xp":0,"level":1},{"id":"6282395961515@c.us","xp":0,"level":1},{"id":"6282217358252@c.us","xp":0,"level":1},{"id":"6282350570407@c.us","xp":0,"level":1},{"id":"628886146884@c.us","xp":0,"level":1},{"id":"6282170266821@c.us","xp":0,"level":1},{"id":"6282157780910@c.us","xp":0,"level":1},{"id":"6283119975898@c.us","xp":0,"level":1},{"id":"628979134571@c.us","xp":0,"level":1},{"id":"6285891129210@c.us","xp":0,"level":1},{"id":"60195478225@c.us","xp":0,"level":1},{"id":"6285222656522@c.us","xp":0,"level":1},{"id":"6282292184449@c.us","xp":0,"level":1},{"id":"6281290560110@c.us","xp":0,"level":1},{"id":"628972175359@c.us","xp":0,"level":1},{"id":"6281555694215@c.us","xp":0,"level":1},{"id":"6289648218415@c.us","xp":0,"level":1},{"id":"6285647736218@c.us","xp":0,"level":1},{"id":"6289518001590@c.us","xp":0,"level":1},{"id":"6289630678438@c.us","xp":0,"level":1},{"id":"6289618919237@c.us","xp":0,"level":1},{"id":"6282114651374@c.us","xp":0,"level":1},{"id":"6282358436867@c.us","xp":0,"level":1},{"id":"62895341588817@c.us","xp":0,"level":1},{"id":"6285343087726@c.us","xp":0,"level":1},{"id":"6285211212254@c.us","xp":0,"level":1},{"id":"6287711651990@c.us","xp":0,"level":1},{"id":"6285241825892@c.us","xp":0,"level":1},{"id":"6283104048945@c.us","xp":0,"level":1},{"id":"6282117635803@c.us","xp":0,"level":1},{"id":"6282283689613@c.us","xp":0,"level":1},{"id":"6281283619627@c.us","xp":0,"level":1},{"id":"6281257443857@c.us","xp":0,"level":1},{"id":"6281246476985@c.us","xp":0,"level":1},{"id":"6282298654314@c.us","xp":0,"level":1},{"id":"6288223587278@c.us","xp":0,"level":1},{"id":"6282384816462@c.us","xp":0,"level":1},{"id":"6285795644276@c.us","xp":0,"level":1},{"id":"6288996943711@c.us","xp":0,"level":1},{"id":"6282271041918@c.us","xp":0,"level":1},{"id":"628988754466@c.us","xp":0,"level":1},{"id":"6285850896723@c.us","xp":0,"level":1},{"id":"6285348224557@c.us","xp":0,"level":1},{"id":"6281242862897@c.us","xp":0,"level":1},{"id":"6282268814514@c.us","xp":0,"level":1},{"id":"6285782730625@c.us","xp":0,"level":1},{"id":"6283165786654@c.us","xp":0,"level":1},{"id":"6282180459959@c.us","xp":0,"level":1},{"id":"62895330094053@c.us","xp":0,"level":1},{"id":"60108831871@c.us","xp":0,"level":1},{"id":"6287893506754@c.us","xp":0,"level":1},{"id":"6282124358800@c.us","xp":0,"level":1},{"id":"6283196406100@c.us","xp":0,"level":1},{"id":"6282147810860@c.us","xp":0,"level":1},{"id":"6285722041213@c.us","xp":0,"level":1},{"id":"6281284943284@c.us","xp":0,"level":1},{"id":"6289509452149@c.us","xp":0,"level":1},{"id":"6289653405777@c.us","xp":0,"level":1},{"id":"62895369761794@c.us","xp":0,"level":1},{"id":"6281806493057@c.us","xp":0,"level":1},{"id":"6281278001945@c.us","xp":0,"level":1},{"id":"6285748996616@c.us","xp":0,"level":1},{"id":"6282112194055@c.us","xp":0,"level":1},{"id":"6282288732797@c.us","xp":0,"level":1},{"id":"6287841716859@c.us","xp":0,"level":1},{"id":"6285934733809@c.us","xp":0,"level":1},{"id":"6289646688158@c.us","xp":0,"level":1},{"id":"6282349028800@c.us","xp":0,"level":1},{"id":"62895400030401@c.us","xp":0,"level":1},{"id":"6282333837843@c.us","xp":0,"level":1},{"id":"6288261641326@c.us","xp":0,"level":1},{"id":"6281335761831@c.us","xp":0,"level":1},{"id":"6282213305056@c.us","xp":0,"level":1},{"id":"6283150297540@c.us","xp":0,"level":1},{"id":"6289626003345@c.us","xp":0,"level":1},{"id":"6285397774963@c.us","xp":0,"level":1},{"id":"6282166244103@c.us","xp":0,"level":1},{"id":"6282346143074@c.us","xp":0,"level":1},{"id":"62895800758663@c.us","xp":0,"level":1},{"id":"6285399231706@c.us","xp":0,"level":1},{"id":"6283899015841@c.us","xp":0,"level":1},{"id":"6281466809549@c.us","xp":0,"level":1},{"id":"6287780923653@c.us","xp":0,"level":1},{"id":"6282268106124@c.us","xp":0,"level":1},{"id":"62895335186227@c.us","xp":0,"level":1},{"id":"6285753307737@c.us","xp":0,"level":1},{"id":"6289658847208@c.us","xp":0,"level":1}]