[{"id":"6285156022091@c.us","name":"Suhendi","age":"23","time":"17/02/21 18:41:37","serial":"72a9d0259cb2d33c174f"},{"id":"628972175359@c.us","name":"Raka","age":"7","time":"17/02/21 18:50:04","serial":"fe3c57fab89e0dd7e079"},{"id":"6289618919237@c.us","name":"ry","age":"8","time":"17/02/21 19:07:28","serial":"a700ee21410b6671d930"},{"id":"6282284739512@c.us","name":"rez","age":"6 tahun","time":"17/02/21 19:10:18","serial":"35fb26fdaed684b2e6b3"},{"id":"6281242967611@c.us","name":"Ad","age":"5 tahun","time":"17/02/21 19:14:21","serial":"bad961d76a0445e68113"},{"id":"60195478225@c.us","name":"Hazrie","age":"9 tahun","time":"17/02/21 19:14:59","serial":"6bb26803dc41b47e13a6"},{"id":"6282282942493@c.us","name":"ezr","age":"8","time":"17/02/21 19:23:20","serial":"cfbb3f1749a046778269"},{"id":"6281361333875@c.us","name":"alw","age":"8","time":"17/02/21 19:47:29","serial":"9f3dc58aa6532fed86d0"},{"id":"6281283619627@c.us","name":"Xena","age":"15","time":"17/02/21 19:52:18","serial":"646740e560aea94507b4"},{"id":"6288223587278@c.us","name":"rafly","age":"14","time":"17/02/21 19:54:16","serial":"ac152eacfdf841106906"},{"id":"6282358436867@c.us","name":"rofi","age":"9","time":"17/02/21 20:06:01","serial":"a06c6a1909a69e2c7ddf"},{"id":"6283120550927@c.us","name":"Riski","age":"15","time":"17/02/21 20:21:16","serial":"5db4fa6b8060af2566e3"},{"id":"6289601915190@c.us","name":"suci","age":"15","time":"17/02/21 20:21:27","serial":"f8e202341f7e54e03587"},{"id":"6289628521412@c.us","name":"syarif","age":"20","time":"17/02/21 21:17:47","serial":"1eefa276ace20a4590ba"},{"id":"6282298654314@c.us","name":"HZR-BOT2","age":"23","time":"17/02/21 21:34:38","serial":"9f447dd3b6ce5f2d9831"},{"id":"6281534042508@c.us","name":"lya","age":"18","time":"17/02/21 22:02:15","serial":"8b5b01bc296d12040b6c"},{"id":"6288977528003@c.us","name":"Ray Pudidi","age":"umur:17","time":"17/02/21 22:16:34","serial":"f6918417f853857139a1"},{"id":"628997658369@c.us","name":"rafly","age":"17","time":"17/02/21 22:43:17","serial":"5bf3fd6b6c0b3d6965e8"},{"id":"6282187480035@c.us","name":"sheren","age":"18","time":"17/02/21 23:17:31","serial":"745d14ebae3d4f35349f"},{"id":"6282169505025@c.us","name":"nanda","age":"20","time":"18/02/21 00:28:49","serial":"fb0467a38735f0bcbb3b"},{"id":"6282325622780@c.us","name":"aziz","age":"19","time":"18/02/21 07:06:23","serial":"f93ac013fcbd3bea7b7e"},{"id":"6287865209794@c.us","name":"orang","age":"18","time":"18/02/21 08:02:51","serial":"ddaee94d197a066540f1"},{"id":"6282167188122@c.us","name":"Ay","age":"6tahun","time":"18/02/21 08:37:47","serial":"60de93fc8be8bb0cab09"},{"id":"6285805820613@c.us","name":"re","age":"9","time":"18/02/21 08:40:03","serial":"1215637f32d7da0901a4"},{"id":"6282225536660@c.us","name":"HananGantengBanget","age":"16","time":"18/02/21 08:41:31","serial":"b78c325615e5f56a0079"},{"id":"6283879834968@c.us","name":"Lukman","age":"18","time":"18/02/21 08:48:22","serial":"febbe7506164c1c7d635"},{"id":"62895334023338@c.us","name":"aisy","age":"7","time":"18/02/21 08:50:05","serial":"48f856c820f86a1133fc"},{"id":"6288225327598@c.us","name":"Akmal","age":"16","time":"18/02/21 08:51:12","serial":"7d8e9ceeb50a35946c3a"},{"id":"6281242280124@c.us","name":"rv","age":"17","time":"18/02/21 09:19:51","serial":"4a2bd445b5673c25b68d"},{"id":"6285816142148@c.us","name":"ba","age":"5","time":"18/02/21 10:04:35","serial":"4ad8807afdb9c3b9bed9"},{"id":"6285813014520@c.us","name":"hito","age":"16","time":"18/02/21 10:20:42","serial":"e8b19454313a52de2ba8"},{"id":"6283165297507@c.us","name":"nurul","age":"17","time":"18/02/21 10:21:34","serial":"0c92dfaaa79ae105cfd9"},{"id":"6281275618086@c.us","name":"putr","age":"7","time":"18/02/21 10:34:39","serial":"3304bff423a74604d049"},{"id":"6281649177872@c.us","name":"Brin","age":"8","time":"18/02/21 10:34:48","serial":"646a7cba45d6527817a6"},{"id":"6282314714062@c.us","name":"said","age":"15","time":"18/02/21 10:40:52","serial":"6a2e4cac22fbe10b1d58"},{"id":"6285814512489@c.us","name":"Reihan","age":"15 tahun","time":"18/02/21 10:53:50","serial":"6681c8f6469a07ac6483"},{"id":"628972268778@c.us","name":"farhan","age":"19","time":"18/02/21 10:55:43","serial":"5f38361bd05aee2f10c7"},{"id":"6282112950501@c.us","name":"L. Alam Muhammad","age":"16 Tahun.","time":"18/02/21 11:07:46","serial":"e166580330981146cbe3"},{"id":"6288211577464@c.us","name":"halo","age":"1","time":"18/02/21 11:23:24","serial":"d9263c559cb510210aeb"},{"id":"6282371972861@c.us","name":"Fajri","age":"18","time":"18/02/21 11:23:37","serial":"698cc388cc6f93449a8d"},{"id":"6289509822374@c.us","name":"rahma","age":"18","time":"18/02/21 11:26:46","serial":"90b8c659913d44d753ae"},{"id":"6285805914934@c.us","name":"elfi","age":"15","time":"18/02/21 11:27:55","serial":"ffca2ab0d9fdcef1e356"},{"id":"6283137731053@c.us","name":"zulf","age":"7","time":"18/02/21 11:50:32","serial":"6faea9fbfb133de10e37"},{"id":"6282145352291@c.us","name":"yog","age":"0","time":"18/02/21 12:18:55","serial":"80925554b86b3240b332"},{"id":"62895385087300@c.us","name":"Arsa","age":"18","time":"18/02/21 12:24:49","serial":"bbf48056025cea2a107c"},{"id":"6282131992201@c.us","name":"Songkelp","age":"17","time":"18/02/21 12:26:17","serial":"95e1ba69d160b80fa185"},{"id":"6285322962674@c.us","name":"saefu","age":"7","time":"18/02/21 12:46:03","serial":"df40e6b830414bbac920"},{"id":"6282158953928@c.us","name":"Husen","age":"18","time":"18/02/21 12:49:56","serial":"6076aeaec97c4de12344"},{"id":"6289666683190@c.us","name":"surya kontol gamau mabar","age":"15","time":"18/02/21 12:50:23","serial":"653c0cf3f9e65d1ffe68"},{"id":"6282361715845@c.us","name":"Sabrin","age":"8","time":"18/02/21 12:55:29","serial":"0863f58145839282945f"},{"id":"6287870514985@c.us","name":"devil","age":"1","time":"18/02/21 13:05:10","serial":"135c6eb0f9d4d8ffef71"},{"id":"6285669246968@c.us","name":"-","age":"20","time":"18/02/21 13:19:43","serial":"db26dbead9c3e3d925d5"},{"id":"6285277598828@c.us","name":"Priscilia","age":"16 tahun","time":"18/02/21 13:55:07","serial":"5d84828215c9c5e83768"},{"id":"6281228021036@c.us","name":"Rinda","age":"18","time":"18/02/21 13:58:09","serial":"20f08c1195dd8e9688cb"},{"id":"628562329114@c.us","name":"RIZKY GANTENG PACARNYA RATU","age":"8 TAHUN","time":"18/02/21 14:39:18","serial":"6f5435cc98ed701c0c62"},{"id":"6282290303534@c.us","name":"Ros","age":"8","time":"18/02/21 15:15:56","serial":"084483f35929d97fd215"},{"id":"6281358312131@c.us","name":"yor","age":"8","time":"18/02/21 16:43:16","serial":"1f355eb426438509d10e"},{"id":"6285669246973@c.us","name":"raja","age":"14","time":"18/02/21 16:45:23","serial":"39cea83c906facaf6e30"},{"id":"6281213614579@c.us","name":"nama","age":"umur","time":"18/02/21 16:47:58","serial":"db8b88a27985c3f446e2"},{"id":"6287856736168@c.us","name":"Naf","age":"15","time":"18/02/21 16:50:12","serial":"9ff2978dab160848b7aa"},{"id":"6285714610578@c.us","name":"kiki","age":"20","time":"18/02/21 16:54:40","serial":"8346dd08e54686e4fdc1"},{"id":"6289522982670@c.us","name":"kim jan cuk","age":"16","time":"18/02/21 16:56:57","serial":"e9b8a58c7dfe6866e41f"},{"id":"6283869628066@c.us","name":"riski","age":"16","time":"18/02/21 17:08:11","serial":"bb0f124dcf293ebf87ab"},{"id":"6289519835553@c.us","name":"addy","age":"23","time":"18/02/21 17:09:22","serial":"cb2867de3dad2dc32c60"},{"id":"6285270760546@c.us","name":"nugrah","age":"16","time":"18/02/21 17:14:36","serial":"99a61fdbbdb8cca3b65e"},{"id":"6287737791668@c.us","name":"","age":"4","time":"18/02/21 18:03:08","serial":"073810de322e573d0eb4"},{"id":"6285925775245@c.us","name":"","age":"13","time":"18/02/21 18:47:02","serial":"8bab34aa92da54882ccd"},{"id":"6285742465188@c.us","name":"skylord","age":"16","time":"18/02/21 19:04:04","serial":"db1eb5ce4f5e24c366ab"},{"id":"6283119975898@c.us","name":"arman","age":"5","time":"18/02/21 19:16:00","serial":"b1d49bdb148c9e659611"},{"id":"6282339390984@c.us","name":"Igreya","age":"18 Tahun","time":"18/02/21 19:34:21","serial":"8090f7f5853dc96138af"},{"id":"6289513320460@c.us","name":"maulidia","age":"17","time":"18/02/21 20:00:08","serial":"c387fd60b9f2af6c614d"},{"id":"6285878731228@c.us","name":"meis","age":"6 thn","time":"18/02/21 20:10:08","serial":"e66b12bccf395812ad99"},{"id":"6289669739015@c.us","name":"tirek","age":"18","time":"18/02/21 20:29:01","serial":"ef1b2dc579ed2ad690b1"},{"id":"62895616026087@c.us","name":"Lia cakep","age":"17 tahun","time":"18/02/21 20:33:38","serial":"baa8092663e4ea4ab720"},{"id":"6281396707060@c.us","name":"Nama Fetresia Van Camren","age":"mur 16 tahun","time":"18/02/21 20:50:35","serial":"9e42e2280c5e4e8769f2"},{"id":"6283876066371@c.us","name":"syifa","age":"17","time":"18/02/21 20:51:04","serial":"9d9258f0d846c7c68d1b"},{"id":"6285346600884@c.us","name":"jesa","age":"17","time":"18/02/21 20:51:15","serial":"cbd10d42f69f0f0270d3"},{"id":"6289632179655@c.us","name":"Nura","age":"17","time":"18/02/21 20:57:51","serial":"c63e5fb6ae2d50f977e9"},{"id":"6281515636056@c.us","name":"Ad","age":"5","time":"18/02/21 21:34:37","serial":"6911f239753efc52d48b"},{"id":"6283137031765@c.us","name":"Rohan","age":"17","time":"18/02/21 22:27:03","serial":"b4c1e61b1f8ca83ad1a5"},{"id":"6282167855992@c.us","name":"cio","age":"19","time":"18/02/21 22:29:28","serial":"ff94b0c32e4fcd4b52f1"},{"id":"6281334726512@c.us","name":"nekon","age":"32","time":"18/02/21 23:23:09","serial":"eb571134ea32a193284d"},{"id":"6282260035116@c.us","name":"bot stiker","age":"23","time":"19/02/21 01:08:36","serial":"61c88825e89adaf2d0ff"},{"id":"6283806166889@c.us","name":"kikyy","age":"17","time":"19/02/21 05:33:27","serial":"ce1f52b978c699865d78"},{"id":"6289604255757@c.us","name":"Chou","age":"16","time":"19/02/21 05:56:29","serial":"dd82bee61528bcf2df74"},{"id":"6281229855200@c.us","name":"abdurrahim","age":"16","time":"19/02/21 06:12:45","serial":"4e2a1155305c5bceafbf"},{"id":"6282322511452@c.us","name":"Mamatz","age":"17","time":"19/02/21 06:13:54","serial":"41ec23b08999eac76b98"},{"id":"6289680556643@c.us","name":"eivor","age":"14","time":"19/02/21 08:20:01","serial":"531ab41a228c39b40974"},{"id":"6288801042993@c.us","name":"Fal","age":"7","time":"19/02/21 08:34:44","serial":"6802a6a16b264ac3833f"},{"id":"6285695145155@c.us","name":"otto","age":"19","time":"19/02/21 09:09:19","serial":"4a6e990d356c679aadb0"},{"id":"6283182527434@c.us","name":"satria","age":"20","time":"19/02/21 10:01:47","serial":"67c43c85ceca0c2df0d9"},{"id":"62895340483705@c.us","name":"Winda","age":"17","time":"19/02/21 10:11:20","serial":"4a2bfd5699542d44ae2f"},{"id":"6281288447248@c.us","name":"Monye","age":"0","time":"19/02/21 13:04:02","serial":"3840b38c45011e32894e"},{"id":"6285813044597@c.us","name":"isan","age":"16","time":"19/02/21 13:21:44","serial":"06d402620a7d6cadb7e3"},{"id":"6285320267966@c.us","name":"ferdiansyah","age":"21","time":"19/02/21 13:40:57","serial":"40b279e1ed1b56c3879a"},{"id":"6283180454861@c.us","name":"bayu","age":"17","time":"19/02/21 15:20:23","serial":"038252b4fb1bc1df1026"},{"id":"6285362825818@c.us","name":"Suhendi","age":"23","time":"19/02/21 16:00:46","serial":"61abe87b5b55b98c25ac"},{"id":"6285157684419@c.us","name":"satria","age":"19","time":"19/02/21 17:59:10","serial":"7162b5d3a731778b6dbf"},{"id":"6281371855792@c.us","name":"suci","age":"q7","time":"19/02/21 18:09:20","serial":"676bd0fe62b25720e237"},{"id":"6285700982540@c.us","name":"Ramdhan","age":"18","time":"19/02/21 18:32:47","serial":"a3f614d1436828da8d69"},{"id":"6283142171246@c.us","name":"fadia","age":"16","time":"19/02/21 18:51:59","serial":"cb2a733df794250792fc"},{"id":"6283802330601@c.us","name":"naila cakep","age":"34","time":"19/02/21 19:05:39","serial":"9c8d4deb9f8911ecf42f"},{"id":"628988754466@c.us","name":"Fadhil","age":"17","time":"19/02/21 19:15:43","serial":"ab2fa40a235942091109"},{"id":"6285869132411@c.us","name":"kuntul","age":"19","time":"19/02/21 19:49:21","serial":"f8204b1eacccc7002f2b"},{"id":"6285363877044@c.us","name":"amrizal","age":"15","time":"19/02/21 20:09:56","serial":"f6fd78863807ddb92b6a"},{"id":"6285790833425@c.us","name":"Calon MΛYIT","age":"17","time":"19/02/21 20:11:27","serial":"91a9b640897c90584f40"},{"id":"6285791322815@c.us","name":"andri","age":"17","time":"19/02/21 20:15:44","serial":"c5586f620c3012062261"},{"id":"6289614526128@c.us","name":"Iyan","age":"private","time":"19/02/21 20:18:58","serial":"479c8b8f5ab32a736d1c"},{"id":"6289515841842@c.us","name":"onyo","age":"16","time":"19/02/21 21:17:32","serial":"7f47aebbeb7de6d6898a"},{"id":"6283165321987@c.us","name":"mamang","age":"17","time":"19/02/21 21:28:49","serial":"89ce97c89429a4ca14ff"},{"id":"6285335546958@c.us","name":"wahyu","age":"17","time":"19/02/21 21:59:43","serial":"71fdb9fcc66efc77b811"},{"id":"60108831871@c.us","name":"anaq","age":"4","time":"19/02/21 23:23:47","serial":"35fc28b8653f2f67faa1"},{"id":"628873319924@c.us","name":"lev","age":"0","time":"20/02/21 12:09:45","serial":"f7e86fe47323086f3f74"},{"id":"6289650682602@c.us","name":"vit","age":"4","time":"20/02/21 12:38:05","serial":"8817dc2bcb3ccb16e611"},{"id":"6281977993776@c.us","name":"heazel","age":"35","time":"20/02/21 13:04:18","serial":"41c74f3333b4c98e508d"},{"id":"6285240145213@c.us","name":"wingk","age":"6","time":"20/02/21 13:43:10","serial":"8634cd5847faf6491660"},{"id":"6283877432366@c.us","name":"saskia","age":"14","time":"20/02/21 13:44:00","serial":"96c4c445f3008dc9d8e2"},{"id":"6281326307084@c.us","name":"kuuhaku","age":"17","time":"20/02/21 15:03:33","serial":"788f978b59feaad8406f"},{"id":"6285256992773@c.us","name":"Andi","age":"22","time":"20/02/21 20:30:36","serial":"9f7461470ee850ec4c3c"},{"id":"6289518001590@c.us","name":"Denaya","age":"15","time":"20/02/21 20:39:25","serial":"bfa75adb6344c5e66796"},{"id":"6283806125625@c.us","name":"andre","age":"14","time":"20/02/21 22:49:01","serial":"6585596225d3c8d4e68d"},{"id":"6289517128998@c.us","name":"rizal","age":"18","time":"20/02/21 22:58:13","serial":"d2a73ba6586b6cea72f0"},{"id":"6282187830908@c.us","name":"Ara","age":"18\n\nPC bot nya tuh format nya","time":"21/02/21 00:00:08","serial":"cb794442a673a0aa7f9e"},{"id":"6282166244103@c.us","name":"arma","age":"24","time":"21/02/21 10:03:46","serial":"569d0e28d790164fef46"},{"id":"6285397774963@c.us","name":"Wawan","age":"28","time":"21/02/21 10:06:05","serial":"0a6adfc6847f2866e89d"},{"id":"6283815740497@c.us","name":"rival firmansyah","age":"17","time":"21/02/21 10:50:28","serial":"4804a41e98da5038c643"},{"id":"628983583288@c.us","name":"vea","age":"0","time":"21/02/21 11:10:37","serial":"ee370fc95c129f8b3a7f"},{"id":"6285794584361@c.us","name":"qori","age":"15","time":"21/02/21 11:56:12","serial":"fb5336659fdd2366700c"},{"id":"6283818512458@c.us","name":"nama:Rizki","age":"umur 18","time":"21/02/21 13:12:58","serial":"4dae5d60aefecd5ccb95"},{"id":"6281717613481@c.us","name":"fariz","age":"17 tahun","time":"21/02/21 15:32:51","serial":"c75059636952318929c0"},{"id":"6288211907460@c.us","name":"Auristella","age":"17","time":"21/02/21 20:12:23","serial":"6d8cda7f14ae0e1bef85"},{"id":"6282191175271@c.us","name":"wulan","age":"17 thn","time":"21/02/21 20:23:27","serial":"52d60c9afca1c62b3f84"},{"id":"6289505448011@c.us","name":"ridwan","age":"16","time":"21/02/21 20:24:48","serial":"9141fd4353b617921d6f"},{"id":"6281359043789@c.us","name":"Gladis","age":"16","time":"21/02/21 21:26:44","serial":"13762aac55a26d5c91e8"},{"id":"6281278828743@c.us","name":"robimana","age":"0","time":"21/02/21 21:57:59","serial":"a9ace0af5d0d4140e09e"}]